id,hash,time
https://www.instagram.com/p/Bw6BuT9hg0b/,"#경주#경주맛집#경주맛집추천#경주가볼만한곳#경주여행#경주여행코스#경주맛집옛고을순두부#경주보쌈#경주순두부맛집#경주순두부",2019-05-01T04:34:11.000Z
https://www.instagram.com/p/Bw6Bd0lBEtV/,"#족발공장#포항맛집#영일대맛집#영일대해수욕장맛집#장성동맛집#두호동맛집#포항맛집족발공장최고#포항여행#먹스타그램",2019-05-01T04:31:55.000Z
https://www.instagram.com/p/Bw057ydBMkp/,"#평창한우마을#강원도맛집#한우맛집#강원도한우맛집#홍천맛집#평창맛집#강원도맛집평창한우마을#어버이날선물#어린이날외식#감사선물",2019-04-29T04:49:54.000Z
https://www.instagram.com/p/Bw05pAQhvjw/,"#갈매기를구워주는남자#갈매기살#껍데기#오겹살#오돌뼈#막창#용봉동갈구남#광주맛집갈구남#광주먹방#광주맛집",2019-04-29T04:47:21.000Z
https://www.instagram.com/p/BwzSHfLh0YJ/,"#성진묵은지감자탕#연수동맛집#연수동맛집추천#감자탕맛집#묵은지감자탕#하얀감자탕#등뼈찜#연수동회식#연수동감자탕#인천맛집#인천감자탕맛집#인천연수구맛집#인천연수동맛집#연수동맛집성진묵은지감자탕",2019-04-28T13:42:44.000Z
https://www.instagram.com/p/BwzR4pKhQ4w/,"#진솔할머니순두부#속초맛집#속초순두부맛집#속초여행#속초순두부#속초황태구이#속초맛집추천#설악산맛집#속초한정식#속초가볼만한곳#속초순두부마을#속초초당순두부#속초아침식사#속초순두부맛집진솔할머니순두부",2019-04-28T13:40:43.000Z
https://www.instagram.com/p/BwzLuzIhIy4/,"#JMT#오이도동키커피#오이도카페추천동키커피#오이도카페#오이도맛집#오이도예쁜카페#동키커피#오이도커피#오이도감성카페#오이도가볼만한곳#오이도분위기좋은카페#오이도여행#오이도데이트#오이도바다전망카페#오이도석양#오이도빨간등대#오이도핫플레이스",2019-04-28T12:46:56.000Z
https://www.instagram.com/p/BwzLc6PBZwB/,"#삐삐부인진동왔네#월미도맛집삐삐부인진동왔네#월미도맛집#월미도횟집#월미도맛집추천#차이나타운맛집#연안부두맛집#월미도#월미도데이트#월미도가볼만한곳#월미도먹방#인천맛집#인천횟집#월미도맛집추천삐삐부인진동왔네#월미도횟집삐삐부인진동왔네",2019-04-28T12:44:30.000Z
https://www.instagram.com/p/BwvvrjLhlNx/,"#홍대맛집#매드만조#연남동핫플레이스#연남동맛집#연남동레스토랑#연남동소개팅#홍대핫플#연트럴파크맛집#홍대데이트#연남동데이트#연남동맛집매드만조",2019-04-27T04:44:06.000Z
https://www.instagram.com/p/BwvvcTbBwfK/,"#육팔청춘#고기중독#프로먹방러#제주먹거리#제주도먹거리#제주도맛집추천#제주여행코스#제주흑돼지맛집#제주도흑돼지맛집#제주시맛집#제주공항근처맛집#육팔청춘jmt",2019-04-27T04:42:01.000Z
https://www.instagram.com/p/Bwuu0NRBToC/,"#퀴진#장전동맛집#부산대데이트#부산대가볼만한곳#부산대맛집#부산대맛집추천#부산대약속장소#부산대런치#부산대점심#부산대맛집퀴진#부산맛집#금정구맛집",2019-04-26T19:17:19.000Z
https://www.instagram.com/p/BwuumM6BgAs/,"#갈비만#대구현풍맛집#현풍맛집#대구테크노폴리스맛집#테크노폴리스맛집#대구현풍맛집갈비만본점#대구맛집#갈비스타그램#먹스타그램",2019-04-26T19:15:24.000Z
https://www.instagram.com/p/BwiI2mxBT0e/,"#사철갈매기#분당맛집사철숯불갈매기#사철숯불갈매기#야탑맛집#분당맛집#성남맛집#분당고기집#여수동맛집#여수동갈매기살#갈매기살맛집#야탑역맛집#분당회식#분당모임장소#분당맛집추천#야탑사철갈매기#먹스타그램",2019-04-21T21:54:42.000Z
https://www.instagram.com/p/BwiImg2h_NQ/,"#존맛#갓포하루#강남맛집#신논현맛집#여의도맛집#구로맛집#구디맛집#구로디지털단지맛집#오마카세맛집갓포하루최고#여의도#구로디지털단지",2019-04-21T21:52:30.000Z
https://www.instagram.com/p/BwfaHMKBLqa/,"#신정동#신정동맛집#울산회식장소#울산#울산맛집#삼산동맛집#삼산맛집#울산여행#울산핫플#울산데이트#울산맛집아라숯불닭갈비#울산회식#울산쭈꾸미#울산닭갈비",2019-04-20T20:27:48.000Z
https://www.instagram.com/p/BwfZ3FFBI-U/,"#대장만두#종로맛집#인사동맛집#인사동만두#인사동간식#인사동데이트장소#인사동길거리음식#인사동맛집대장만두최고#인사동테이크아웃#인사동진빵#서울3대만두#서울3대진빵#종로만두#종로맛집#koreandumplings",2019-04-20T20:25:36.000Z
https://www.instagram.com/p/BwFxZ_vB7vz/,"#청애병#예단떡#답례떡#이바지떡#떡케익#떡케이크#떡케이크주문#행사떡#돌떡#백일떡았어요#답례품#답례#성북구떡집청애병최고#예단#합격떡",2019-04-10T21:31:05.000Z
https://www.instagram.com/p/BwFxLfYBdJ_/,"#강원도#하슬라아트월드#강릉#강릉여행#강릉가볼만한곳#정동진#정동진여행#정동진가볼만한곳#강릉데이트#강릉여행코스#미술관#강릉여행하슬라아트월드짱#박물관#미술관데이트#미술관나들이#전시회#전시회스타그램#현대미술관#미술작품#예술",2019-04-10T21:29:06.000Z
https://www.instagram.com/p/BvjnL8FBYJ1/,"#결혼준비#예신#웨딩링#웨딩반지#웨딩커플링#결혼예물#다이아반지#다이아커플링#커플스타그램#예비부부#럽스타그램#프러포즈링#웨딩링존폴쥬얼리#결혼준비#커플링",2019-03-28T15:07:36.000Z
https://www.instagram.com/p/BviJrHphCAJ/,"#로제왁스#셀프왁싱#셀프왁싱로제왁스#왁싱샵#바디왁싱#다리왁싱#비키니왁싱#인중왁싱#여자왁싱#겨드랑이왁싱",2019-03-28T01:30:29.000Z
https://www.instagram.com/p/BvNU_Irhpn9/,"#제주맛집#서귀포맛집#올레시장맛집#제주맛집마라내음최고#제주도맛집#제주여행#제주도여행#이중섭거리맛집#마라내음#서귀포핫플#서귀동맛집#이중섭거리#제주도마라롱샤#마라롱샤",2019-03-19T23:25:17.000Z
https://www.instagram.com/p/Bu6vM0BBH1j/,"#단골손님#동성로술집#쌍사술집#경주#경주술집#동천동술집#김천#김천술집#신음동술집#안동#대구맛집단골손님최고",2019-03-12T18:08:46.000Z
https://www.instagram.com/p/Bu0gMCKBlN1/,"#할로비치#제주핫플레이스#제주핫플#제주카페#서귀포카페#제주시카페#제주도여행#제주도카페#제주도카페투어#한경면카페#협재카페#중문카페#중문맛집#제주카페#제주여행#할로비치짱짱#판포포구#성이시돌목장#제주가볼만한곳#여행에미치다_제주",2019-03-10T08:02:09.000Z
https://www.instagram.com/p/Budy4i6BcU5/,"#아라숯불닭갈비#울산#울산맛집#삼산동맛집#삼산맛집#울산여행#울산핫플#울산데이트#울산맛집아라숯불닭갈비#삼산술집#삼산동술집#삼산밥집",2019-03-01T12:22:59.000Z
https://www.instagram.com/p/BuAj8YQBobA/,"#강원도#홍천#수연가든#홍천비발디파크맛집#대명비발디파크맛집#홍천맛집#강원도맛집#강원도홍천#홍천맛집수연가든최고#오션월드맛집#비발디파크맛집#강원도여행",2019-02-18T03:54:27.000Z
https://www.instagram.com/p/Bt63RcWBTQt/,"#강남역맛집리얼스페인최고#강남역맛집#강남맛집#스페인요리#서울스페인요리#리얼스페인#강남샹그리아#강남빠에야#강남역빠에야#강남역샹그리아#강남역소개팅장소#강남역맛집존맛#강남역맛집추천#강남스페인요리#강남역11번출구맛집",2019-02-15T22:47:55.000Z
https://www.instagram.com/p/Bt4uT26Bs80/,"#동치미막국수#메밀전병#막국수맛집#먹스타그램#삼교리동치미막국수태장점#태장맛집#태장동맛집#원주맛집#원주태장동맛집#원주맛집삼교리동치미막국수#원주맛집#강원도막국수#막국수맛집#먹방그램#데일리#강원도맛집",2019-02-15T02:51:07.000Z
https://www.instagram.com/p/Bt3Zh_HByjJ/,"#풍호맛뜨락짱짱#풍호맛뜨락#강릉맛집#경포대맛집#강릉핫플#강릉횟집#강릉가볼만한곳#강릉물회#강릉역맛집#정동진맛집#경포대맛집#풍호맛뜨락#강릉물회",2019-02-14T14:30:18.000Z
https://www.instagram.com/p/BtyK9AhhpRq/,"#이태원맛집#노리테이블#이태원스시#역삼역맛집#역삼동맛집#역삼맛집#역삼초밥#역삼스시집#강남초밥#노리조타#강남스시#경리단길맛집",2019-02-12T13:46:43.000Z
https://www.instagram.com/p/Bts23ClB2ot/,"#청정돼지#청주맛집#청주맛집추천#청주고기집#청주삼겹살#하복대고기집#청주회식장소#청주단체모임#한양생고기#청주가볼만한곳#청주맛집청정돼지#청주맛집추천청정돼지#청주고기집청정돼지",2019-02-10T12:14:56.000Z
https://www.instagram.com/p/BtszNQOBVnh/,"#고집돌우럭#중문맛집#제주중문맛집#제주공항근처맛집#제주도맛집#제주도여행#jejufood#jeju_korea#고집돌우럭jmt#제주도가볼만한곳#제주살이#서귀포맛집#제주맛집",2019-02-10T11:43:01.000Z
https://www.instagram.com/p/BtqboVhBdzE/,"#혜화동버거#수제버거맛집#헤화데이트#혜화역데이트#혜화맛집#혜화역맛집#대학로데이트#대학로맛집#대학로맛집추천#대학로연극#대학로데이트코스#혜화존맛#대학로존맛#혜화역#대학로#먹스타그램#대학로맛집혜화동버거최고#jmt",2019-02-09T13:38:31.000Z
https://www.instagram.com/p/BtVnMmsnRUN/,"#짐바로찜닭#짐바로#짐바로본점#김해짐바로#김해맛집#김해야식#김해찜닭#김해배달음식#외동배달음식#내동배달음식#김해배달음식#김해맛집짐바로최고#김해외동맛집#김해내동맛집",2019-02-01T11:35:32.000Z
https://www.instagram.com/p/BtTLkr2HQbh/,"#등갈비달인#데이트맛집#분위기짱#매운맛집#직원들이친절해요#방송탄집#천호맛집#천호맛집등갈비달인최고#성내동맛집#강동구맛집#매운등갈비찜#등갈비맛집_등갈비달인#천호역맛집#등갈비최강맛집#천호등갈비달인#강동구맛집_등갈비달인#천호등갈비",2019-01-31T12:55:41.000Z
https://www.instagram.com/p/BtS39dRnFbT/,"#인천맛집더구우리#검암맛집#검암고기집#청라맛집#청라고기집#청라고깃집#청라밥집#청라술집#청라고기#청라갈비집#청라돼지#청라소고기",2019-01-31T10:04:18.000Z
https://www.instagram.com/p/BtNObBcHrR8/,"#제주시박스#제주도#바다풍경횟집#먹스타그램#제주시맛집#제주도먹거리#제주먹거리#제주도횟집#제주횟집#제주도시락#바다풍경횟집제주시박스#제주맛집#제주도맛집",2019-01-29T05:25:08.000Z
